-- MySQL dump 10.9
--
-- Host: localhost    Database: gemelli
-- ------------------------------------------------------
-- Server version	4.1.21

/*!40101 SET @OLD_CHARACTER_SET_CLIENT=@@CHARACTER_SET_CLIENT */;
/*!40101 SET @OLD_CHARACTER_SET_RESULTS=@@CHARACTER_SET_RESULTS */;
/*!40101 SET @OLD_COLLATION_CONNECTION=@@COLLATION_CONNECTION */;
/*!40101 SET NAMES utf8 */;
/*!40014 SET @OLD_UNIQUE_CHECKS=@@UNIQUE_CHECKS, UNIQUE_CHECKS=0 */;
/*!40014 SET @OLD_FOREIGN_KEY_CHECKS=@@FOREIGN_KEY_CHECKS, FOREIGN_KEY_CHECKS=0 */;
/*!40101 SET @OLD_SQL_MODE=@@SQL_MODE, SQL_MODE='NO_AUTO_VALUE_ON_ZERO' */;
/*!40111 SET @OLD_SQL_NOTES=@@SQL_NOTES, SQL_NOTES=0 */;

--
-- Table structure for table `SviluppoUnita`
--

DROP TABLE IF EXISTS `SviluppoUnita`;
CREATE TABLE `SviluppoUnita` (
  `id` int(11) NOT NULL auto_increment,
  `piano` char(2) NOT NULL default '',
  `idPercorso` tinyint(2) NOT NULL default '0',
  `idFabbricato` tinyint(2) NOT NULL default '0',
  `unita` varchar(60) NOT NULL default '',
  `descrizione` varchar(255) NOT NULL default '',
  `reparto` int(11) NOT NULL default '0',
  UNIQUE KEY `id_2` (`id`),
  KEY `id` (`id`)
) ENGINE=MyISAM AUTO_INCREMENT=2 DEFAULT CHARSET=latin1;

--
-- Dumping data for table `SviluppoUnita`
--

LOCK TABLES `SviluppoUnita` WRITE;
/*!40000 ALTER TABLE `SviluppoUnita` DISABLE KEYS */;
INSERT INTO `SviluppoUnita` VALUES (1,'2',1,1,'1','1',1);
/*!40000 ALTER TABLE `SviluppoUnita` ENABLE KEYS */;
UNLOCK TABLES;

--
-- Table structure for table `fabbricato`
--

DROP TABLE IF EXISTS `fabbricato`;
CREATE TABLE `fabbricato` (
  `idFabbricato` tinyint(2) NOT NULL auto_increment,
  `fabbricato` varchar(255) NOT NULL default '',
  KEY `idPercorso` (`idFabbricato`)
) ENGINE=MyISAM AUTO_INCREMENT=17 DEFAULT CHARSET=latin1;

--
-- Dumping data for table `fabbricato`
--

LOCK TABLES `fabbricato` WRITE;
/*!40000 ALTER TABLE `fabbricato` DISABLE KEYS */;
INSERT INTO `fabbricato` VALUES (1,'A'),(2,'D1'),(3,'E'),(4,'L'),(5,'M'),(6,'B'),(7,'C'),(8,'D1'),(9,'F'),(10,'N'),(11,'O'),(12,'P'),(13,'Q'),(14,'J'),(15,'CEMI'),(16,'MI');
/*!40000 ALTER TABLE `fabbricato` ENABLE KEYS */;
UNLOCK TABLES;

--
-- Table structure for table `percorso`
--

DROP TABLE IF EXISTS `percorso`;
CREATE TABLE `percorso` (
  `idPercorso` tinyint(2) NOT NULL auto_increment,
  `bullet` varchar(255) NOT NULL default '/images/percorsoBullet.gif',
  `descrizione` varchar(255) NOT NULL default '',
  `note` varchar(255) default '',
  `base` varchar(255) NOT NULL default '',
  `img1` varchar(255) NOT NULL default '',
  `img2` varchar(255) NOT NULL default '',
  `img3` varchar(255) NOT NULL default '',
  `img4` varchar(255) NOT NULL default '',
  `piantaFinale` varchar(255) NOT NULL default '',
  `imgPS` varchar(255) NOT NULL default '',
  `imgWEB` varchar(255) NOT NULL default '',
  KEY `idPercorso` (`idPercorso`)
) ENGINE=MyISAM AUTO_INCREMENT=16 DEFAULT CHARSET=latin1;

--
-- Dumping data for table `percorso`
--

LOCK TABLES `percorso` WRITE;
/*!40000 ALTER TABLE `percorso` DISABLE KEYS */;
INSERT INTO `percorso` VALUES (1,'/images/bullet/percorsoBullet1.gif','Percorso GRIGIO',NULL,'/images/mappe/current/PiantaComp.eps','/images/mappe/current/Legende.eps','/images/mappe/current/PercA.eps','/images/mappe/current/img.eps','/images/mappe/current/letters.eps','/images/mappe/PercA/stampa.ps','/images/mappe/PercA/percorso.ps','/images/mappe/PercA/percorso.gif'),(2,'/images/bullet/percorsoBullet2.gif','Percorso ARANCIONE',NULL,'/images/mappe/current/PiantaComp.eps','/images/mappe/current/Legende.eps','/images/mappe/current/PercD2.eps','/images/mappe/current/img.eps','/images/mappe/current/letters.eps','/images/mappe/PercD2/stampa.ps','/images/mappe/PercD2/percorso.ps','/images/mappe/PercD2/percorso.gif'),(3,'/images/bullet/percorsoBullet3.gif','Percorso MARRONE',NULL,'/images/mappe/current/PiantaComp.eps','/images/mappe/current/Legende.eps','/images/mappe/current/PercE.eps','/images/mappe/current/img.eps','/images/mappe/current/letters.eps','/images/mappe/PercE/stampa.ps','/images/mappe/PercE/percorso.ps','/images/mappe/PercE/percorso.gif'),(4,'/images/bullet/percorsoBullet4.gif','Percorso GIALLO',NULL,'/images/mappe/current/PiantaComp.eps','/images/mappe/current/Legende.eps','/images/mappe/current/PercL-M.eps','/images/mappe/current/img.eps','/images/mappe/current/letters.eps','/images/mappe/PercL-M/stampa.ps','/images/mappe/PercL-M/percorso.ps','/images/mappe/PercL-M/percorso.gif'),(5,'/images/bullet/percorsoBullet5.gif','Percorso ROSSO',NULL,'/images/mappe/current/PiantaComp.eps','/images/mappe/current/Legende.eps','/images/mappe/current/PercB-C.eps','/images/mappe/current/img.eps','/images/mappe/current/letters.eps','/images/mappe/PercB-C/stampa.ps','/images/mappe/PercB-C/percorso.ps','/images/mappe/PercB-C/percorso.gif'),(6,'/images/bullet/percorsoBullet6.gif','Percorso BLU',NULL,'/images/mappe/current/PiantaComp.eps','/images/mappe/current/Legende.eps','/images/mappe/current/PercD1.eps','/images/mappe/current/img.eps','/images/mappe/current/letters.eps','/images/mappe/PercD1/stampa.ps','/images/mappe/PercD1/percorso.ps','/images/mappe/PercD1/percorso.gif'),(7,'/images/bullet/percorsoBullet7.gif','Percorso VERDE',NULL,'/images/mappe/current/PiantaComp.eps','/images/mappe/current/Legende.eps','/images/mappe/current/PercF.eps','/images/mappe/current/img.eps','/images/mappe/current/letters.eps','/images/mappe/PercF/stampa.ps','/images/mappe/PercF/percorso.ps','/images/mappe/PercF/percorso.gif'),(8,'/images/bullet/percorsoBullet8.gif','Percorso AZZURRO',NULL,'/images/mappe/current/PiantaComp.eps','/images/mappe/current/Legende.eps','/images/mappe/current/PercN-O-P-Q.eps','/images/mappe/current/img.eps','/images/mappe/current/letters.eps','/images/mappe/PercN-O-P-Q/stampa.ps','/images/mappe/PercN-O-P-Q/percorso.ps','/images/mappe/PercN-O-P-Q/percorso.gif'),(9,'/images/bullet/percorsoBullet9.gif','Percorso VIOLA',NULL,'/images/mappe/current/PiantaComp.eps','/images/mappe/current/Legende.eps','/images/mappe/current/Percpiastra.eps','/images/mappe/current/img.eps','/images/mappe/current/letters.eps','/images/mappe/Percpiastra/stampa.ps','/images/mappe/Percpiastra/percorso.ps','/images/mappe/Percpiastra/percorso.gif'),(10,'/images/bullet/percorsoBullet10.gif','Percorso NERO','Questa unit? si trova nel complesso Sanitario Polifunzionale. Seguire il percorso grigio fino al 7? piano e proseguire per il ponte di collegamento','/images/mappe/current/PiantaComp.eps','/images/mappe/current/Legende.eps','/images/mappe/current/PercA.eps','/images/mappe/current/img.eps','/images/mappe/current/letters.eps','/images/mappe/PercA/stampa.ps','/images/mappe/PercA/percorso.ps','/images/mappe/PercA/percorso.gif'),(15,'/images/percorsoBullet.gif','','','/images/mappe/generale/img.gif','','','','','','','');
/*!40000 ALTER TABLE `percorso` ENABLE KEYS */;
UNLOCK TABLES;

--
-- Table structure for table `reparto`
--

DROP TABLE IF EXISTS `reparto`;
CREATE TABLE `reparto` (
  `idReparto` tinyint(2) NOT NULL auto_increment,
  `reparto` varchar(255) NOT NULL default '',
  KEY `idPercorso` (`idReparto`)
) ENGINE=MyISAM AUTO_INCREMENT=14 DEFAULT CHARSET=latin1;

--
-- Dumping data for table `reparto`
--

LOCK TABLES `reparto` WRITE;
/*!40000 ALTER TABLE `reparto` DISABLE KEYS */;
INSERT INTO `reparto` VALUES (1,'Day  Hospital'),(2,'Ambulatori e Servizi'),(3,'Reparti - Unit&agrave; Operative');
/*!40000 ALTER TABLE `reparto` ENABLE KEYS */;
UNLOCK TABLES;

--
-- Table structure for table `unita`
--

DROP TABLE IF EXISTS `unita`;
CREATE TABLE `unita` (
  `id` int(11) NOT NULL auto_increment,
  `piano` char(2) NOT NULL default '',
  `idPercorso` tinyint(2) NOT NULL default '0',
  `idFabbricato` tinyint(2) NOT NULL default '0',
  `unita` varchar(60) NOT NULL default '',
  `descrizione` varchar(255) NOT NULL default '',
  `reparto` int(11) NOT NULL default '0',
  UNIQUE KEY `id_2` (`id`),
  KEY `id` (`id`)
) ENGINE=MyISAM AUTO_INCREMENT=131 DEFAULT CHARSET=latin1;

--
-- Dumping data for table `unita`
--

LOCK TABLES `unita` WRITE;
/*!40000 ALTER TABLE `unita` DISABLE KEYS */;
INSERT INTO `unita` VALUES (1,'9',6,2,'Allergologia','',1),(2,'8',2,7,'Cardiologia','Lorem ipsum dolor sit amet, consectetuer adipiscing elit, sed diam nonummy nibh euismod tincidunt ut laoreet dolore magna aliquam erat volutpat. Ut wisi enim ad minim veniam, quis nostrud exerci tation ullamcorper suscipit lobortis nisl ut aliquip ex. Lor',1),(3,'0',10,15,'Centro Med. dell\'invecch. - Geriatria','',1),(4,'10',8,12,'Chirurgia digestiva','Lorem ipsum dolor sit amet, consectetuer adipiscing elit, sed diam nonummy nibh euismod tincidunt ut laoreet dolore magna aliquam erat volutpat. Ut wisi enim ad minim veniam, quis nostrud exerci tation ullamcorper suscipit lobortis nisl ut aliquip ex. Lor',1),(5,'9',8,10,'Chirurgia endocrina','',1),(6,'6',8,10,'Chirurgia generale','Lorem ipsum dolor sit amet, consectetuer adipiscing elit, sed diam nonummy nibh euismod tincidunt ut laoreet dolore magna aliquam erat volutpat. Ut wisi enim ad minim veniam, quis nostrud exerci tation ullamcorper suscipit lobortis nisl ut aliquip ex. Lor',1),(7,'2',2,2,'Chirurgia senologica','',1),(8,'8',4,5,'Chirurgia vascolare','Lorem ipsum dolor sit amet, consectetuer adipiscing elit, sed diam nonummy nibh euismod tincidunt ut laoreet dolore magna aliquam erat volutpat. Ut wisi enim ad minim veniam, quis nostrud exerci tation ullamcorper suscipit lobortis nisl ut aliquip ex. Lor',1),(9,'1',10,16,'Clinica delle Malattie Infettive','',1),(10,'9',2,2,'Dermatologia e Chirurgia Plastica','Lorem ipsum dolor sit amet, consectetuer adipiscing elit, sed diam nonummy nibh euismod tincidunt ut laoreet dolore magna aliquam erat volutpat. Ut wisi enim ad minim veniam, quis nostrud exerci tation ullamcorper suscipit lobortis nisl ut aliquip ex. Lor',1),(11,'8',6,8,'Diabetologia','',1),(12,'10',8,10,'Ematologia','Lorem ipsum dolor sit amet, consectetuer adipiscing elit, sed diam nonummy nibh euismod tincidunt ut laoreet dolore magna aliquam erat volutpat. Ut wisi enim ad minim veniam, quis nostrud exerci tation ullamcorper suscipit lobortis nisl ut aliquip ex. Lor',1),(13,'3',4,4,'Endocrinologia','',1),(14,'10',4,5,'Malattie del ricambio','Lorem ipsum dolor sit amet, consectetuer adipiscing elit, sed diam nonummy nibh euismod tincidunt ut laoreet dolore magna aliquam erat volutpat. Ut wisi enim ad minim veniam, quis nostrud exerci tation ullamcorper suscipit lobortis nisl ut aliquip ex. Lor',1),(15,'4',4,5,'Medicina interna e Gastroenterologia','',1),(16,'10',8,10,'Neurochirurgia','Lorem ipsum dolor sit amet, consectetuer adipiscing elit, sed diam nonummy nibh euismod tincidunt ut laoreet dolore magna aliquam erat volutpat. Ut wisi enim ad minim veniam, quis nostrud exerci tation ullamcorper suscipit lobortis nisl ut aliquip ex. Lor',1),(17,'7',3,3,'Neurologia','',1),(18,'3',4,5,'Neuropsichiatria infantile','Lorem ipsum dolor sit amet, consectetuer adipiscing elit, sed diam nonummy nibh euismod tincidunt ut laoreet dolore magna aliquam erat volutpat. Ut wisi enim ad minim veniam, quis nostrud exerci tation ullamcorper suscipit lobortis nisl ut aliquip ex. Lor',1),(19,'2',2,7,'Neuropsicologia','',1),(70,'2',8,10,'Oculistica','Lorem ipsum dolor sit amet, consectetuer adipiscing elit, sed diam nonummy nibh euismod tincidunt ut laoreet dolore magna aliquam erat volutpat. Ut wisi enim ad minim veniam, quis nostrud exerci tation ullamcorper suscipit lobortis nisl ut aliquip ex. Lor',1),(21,'5',6,8,'Odontoiatria','',1),(22,'8',6,8,'Oncologia Medica','Lorem ipsum dolor sit amet, consectetuer adipiscing elit, sed diam nonummy nibh euismod tincidunt ut laoreet dolore magna aliquam erat volutpat. Ut wisi enim ad minim veniam, quis nostrud exerci tation ullamcorper suscipit lobortis nisl ut aliquip ex. Lor',1),(23,'10',6,8,'Oncologia Pediatrica','',1),(24,'3',1,1,'Ostetricia e Ginecologia','Lorem ipsum dolor sit amet, consectetuer adipiscing elit, sed diam nonummy nibh euismod tincidunt ut laoreet dolore magna aliquam erat volutpat. Ut wisi enim ad minim veniam, quis nostrud exerci tation ullamcorper suscipit lobortis nisl ut aliquip ex. Lor',1),(25,'2',2,7,'Otorinolaringoiatria','',1),(26,'5',4,5,'Pediatria','Lorem ipsum dolor sit amet, consectetuer adipiscing elit, sed diam nonummy nibh euismod tincidunt ut laoreet dolore magna aliquam erat volutpat. Ut wisi enim ad minim veniam, quis nostrud exerci tation ullamcorper suscipit lobortis nisl ut aliquip ex. Lor',1),(27,'-1',4,5,'Psichiatria clinica e tossicodipendenze','',1),(28,'2',7,9,'Radiochemioterapia','Lorem ipsum dolor sit amet, consectetuer adipiscing elit, sed diam nonummy nibh euismod tincidunt ut laoreet dolore magna aliquam erat volutpat. Ut wisi enim ad minim veniam, quis nostrud exerci tation ullamcorper suscipit lobortis nisl ut aliquip ex. Lor',1),(29,'9',8,12,'Urologia','',1),(74,'3',7,9,'Accettazione ricoveri e Day Hospital','Lorem ipsum dolor sit amet, consectetuer adipiscing elit, sed diam nonummy nibh euismod tincidunt ut laoreet dolore magna aliquam erat volutpat. Ut wisi enim ad minim veniam, quis nostrud exerci tation ullamcorper suscipit lobortis nisl ut aliquip ex.',2),(75,'9',6,2,'Allergologia','Lorem ipsum dolor sit amet, consectetuer adipiscing elit, sed diam nonummy nibh euismod tincidunt ut laoreet dolore magna aliquam erat volutpat. Ut wisi enim ad minim veniam, quis nostrud exerci tation ullamcorper suscipit lobortis nisl ut aliquip ex.',2),(76,'8',3,3,'Ambulatorio P.U.V.A.','Lorem ipsum dolor sit amet, consectetuer adipiscing elit, sed diam nonummy nibh euismod tincidunt ut laoreet dolore magna aliquam erat volutpat. Ut wisi enim ad minim veniam, quis nostrud exerci tation ullamcorper suscipit lobortis nisl ut aliquip ex.',2),(77,'3',9,14,'Analisi Ormonali','Lorem ipsum dolor sit amet, consectetuer adipiscing elit, sed diam nonummy nibh euismod tincidunt ut laoreet dolore magna aliquam erat volutpat. Ut wisi enim ad minim veniam, quis nostrud exerci tation ullamcorper suscipit lobortis nisl ut aliquip ex.',2),(78,'4',9,14,'Analisi immunologiche','Lorem ipsum dolor sit amet, consectetuer adipiscing elit, sed diam nonummy nibh euismod tincidunt ut laoreet dolore magna aliquam erat volutpat. Ut wisi enim ad minim veniam, quis nostrud exerci tation ullamcorper suscipit lobortis nisl ut aliquip ex.',2),(79,'3',7,3,'Angiologia medica','Lorem ipsum dolor sit amet, consectetuer adipiscing elit, sed diam nonummy nibh euismod tincidunt ut laoreet dolore magna aliquam erat volutpat. Ut wisi enim ad minim veniam, quis nostrud exerci tation ullamcorper suscipit lobortis nisl ut aliquip ex.',2),(80,'8',5,7,'Cardiologia Diagnostica Invasiva','Lorem ipsum dolor sit amet, consectetuer adipiscing elit, sed diam nonummy nibh euismod tincidunt ut laoreet dolore magna aliquam erat volutpat. Ut wisi enim ad minim veniam, quis nostrud exerci tation ullamcorper suscipit lobortis nisl ut aliquip ex.',2),(81,'8',2,2,'Cardiologia Diagnostica non Invasiva','',2),(82,'0',9,14,'Centro Antiveleni','Lorem ipsum dolor sit amet, consectetuer adipiscing elit, sed diam nonummy nibh euismod tincidunt ut laoreet dolore magna aliquam erat volutpat. Ut wisi enim ad minim veniam, quis nostrud exerci tation ullamcorper suscipit lobortis nisl ut aliquip ex.',2),(83,'9',2,4,'Centro di Biomagnetismo - Fisiol. Clinica','Lorem ipsum dolor sit amet, consectetuer adipiscing elit, sed diam nonummy nibh euismod tincidunt ut laoreet dolore magna aliquam erat volutpat. Ut wisi enim ad minim veniam, quis nostrud exerci tation ullamcorper suscipit lobortis nisl ut aliquip ex.',2),(84,'3',7,9,'Centro di Coordinamento Diagnostico','',2),(85,'6',5,7,'Centro Ipertensione','Lorem ipsum dolor sit amet, consectetuer adipiscing elit, sed diam nonummy nibh euismod tincidunt ut laoreet dolore magna aliquam erat volutpat. Ut wisi enim ad minim veniam, quis nostrud exerci tation ullamcorper suscipit lobortis nisl ut aliquip ex.',2),(86,'7',1,1,'Centro Studi e Amb. Med. dello Sport','Lorem ipsum dolor sit amet, consectetuer adipiscing elit, sed diam nonummy nibh euismod tincidunt ut laoreet dolore magna aliquam erat volutpat. Ut wisi enim ad minim veniam, quis nostrud exerci tation ullamcorper suscipit lobortis nisl ut aliquip ex.',2),(87,'-1',9,14,'Centro Trasfusionale (Lab. - Emoteca)','',2),(88,'-1',9,14,'Centro donatori','Lorem ipsum dolor sit amet, consectetuer adipiscing elit, sed diam nonummy nibh euismod tincidunt ut laoreet dolore magna aliquam erat volutpat. Ut wisi enim ad minim veniam, quis nostrud exerci tation ullamcorper suscipit lobortis nisl ut aliquip ex.',2),(89,'3',9,14,'Chimica clinica','Lorem ipsum dolor sit amet, consectetuer adipiscing elit, sed diam nonummy nibh euismod tincidunt ut laoreet dolore magna aliquam erat volutpat. Ut wisi enim ad minim veniam, quis nostrud exerci tation ullamcorper suscipit lobortis nisl ut aliquip ex.',2),(90,'0',10,16,'Clinica delle Malattie Infettive','',2),(91,'4',3,3,'Consultazione psichiatrica','Lorem ipsum dolor sit amet, consectetuer adipiscing elit, sed diam nonummy nibh euismod tincidunt ut laoreet dolore magna aliquam erat volutpat. Ut wisi enim ad minim veniam, quis nostrud exerci tation ullamcorper suscipit lobortis nisl ut aliquip ex.',2),(92,'1',4,4,'Dietetica','Lorem ipsum dolor sit amet, consectetuer adipiscing elit, sed diam nonummy nibh euismod tincidunt ut laoreet dolore magna aliquam erat volutpat. Ut wisi enim ad minim veniam, quis nostrud exerci tation ullamcorper suscipit lobortis nisl ut aliquip ex.',2),(93,'3',9,14,'Ematologia','',2),(94,'10',8,11,'Ematologia (Amb. \"A. Ferrara\")','Lorem ipsum dolor sit amet, consectetuer adipiscing elit, sed diam nonummy nibh euismod tincidunt ut laoreet dolore magna aliquam erat volutpat. Ut wisi enim ad minim veniam, quis nostrud exerci tation ullamcorper suscipit lobortis nisl ut aliquip ex.',2),(95,'9',1,1,'Emodialisi pazienti ricoverati','',2),(96,'3',1,1,'Endoscopia Digestiva Chirurgica','Lorem ipsum dolor sit amet, consectetuer adipiscing elit, sed diam nonummy nibh euismod tincidunt ut laoreet dolore magna aliquam erat volutpat. Ut wisi enim ad minim veniam, quis nostrud exerci tation ullamcorper suscipit lobortis nisl ut aliquip ex.',2),(97,'3',9,14,'Farmacologia','Lorem ipsum dolor sit amet, consectetuer adipiscing elit, sed diam nonummy nibh euismod tincidunt ut laoreet dolore magna aliquam erat volutpat. Ut wisi enim ad minim veniam, quis nostrud exerci tation ullamcorper suscipit lobortis nisl ut aliquip ex.',2),(98,'2',6,14,'Fisiopatologia respiratoria','',2),(99,'9',2,2,'Foniatria e Logopedia','Lorem ipsum dolor sit amet, consectetuer adipiscing elit, sed diam nonummy nibh euismod tincidunt ut laoreet dolore magna aliquam erat volutpat. Ut wisi enim ad minim veniam, quis nostrud exerci tation ullamcorper suscipit lobortis nisl ut aliquip ex.',2),(100,'7',2,8,'Gastroenterologia','Lorem ipsum dolor sit amet, consectetuer adipiscing elit, sed diam nonummy nibh euismod tincidunt ut laoreet dolore magna aliquam erat volutpat. Ut wisi enim ad minim veniam, quis nostrud exerci tation ullamcorper suscipit lobortis nisl ut aliquip ex.',2),(101,'4',9,14,'Genetica Medica','Lorem ipsum dolor sit amet, consectetuer adipiscing elit, sed diam nonummy nibh euismod tincidunt ut laoreet dolore magna aliquam erat volutpat. Ut wisi enim ad minim veniam, quis nostrud exerci tation ullamcorper suscipit lobortis nisl ut aliquip ex.',2),(102,'7',1,1,'I.S.I. - Ginecologia Disfunzionale','',2),(103,'3',9,14,'Istopatologia','Lorem ipsum dolor sit amet, consectetuer adipiscing elit, sed diam nonummy nibh euismod tincidunt ut laoreet dolore magna aliquam erat volutpat. Ut wisi enim ad minim veniam, quis nostrud exerci tation ullamcorper suscipit lobortis nisl ut aliquip ex.',2),(104,'3',9,14,'Malattie Emorragiche e Trombotiche','',2),(105,'7',2,7,'Med. del Lavoro e Tossicol. Ind.','Lorem ipsum dolor sit amet, consectetuer adipiscing elit, sed diam nonummy nibh euismod tincidunt ut laoreet dolore magna aliquam erat volutpat. Ut wisi enim ad minim veniam, quis nostrud exerci tation ullamcorper suscipit lobortis nisl ut aliquip ex.',2),(106,'-1',10,15,'Medicina Fisica e Riabilitazione','Lorem ipsum dolor sit amet, consectetuer adipiscing elit, sed diam nonummy nibh euismod tincidunt ut laoreet dolore magna aliquam erat volutpat. Ut wisi enim ad minim veniam, quis nostrud exerci tation ullamcorper suscipit lobortis nisl ut aliquip ex.',2),(107,'2',7,3,'Medicina Nucleare','Lorem ipsum dolor sit amet, consectetuer adipiscing elit, sed diam nonummy nibh euismod tincidunt ut laoreet dolore magna aliquam erat volutpat. Ut wisi enim ad minim veniam, quis nostrud exerci tation ullamcorper suscipit lobortis nisl ut aliquip ex.',2),(108,'4',9,14,'Microbiologia e virologia','',2),(109,'2',2,7,'Neuropsicologia','',2),(110,'1',8,12,'Oculustica','Lorem ipsum dolor sit amet, consectetuer adipiscing elit, sed diam nonummy nibh euismod tincidunt ut laoreet dolore magna aliquam erat volutpat. Ut wisi enim ad minim veniam, quis nostrud exerci tation ullamcorper suscipit lobortis nisl ut aliquip ex.',2),(111,'7',5,6,'Ortopedia','Lorem ipsum dolor sit amet, consectetuer adipiscing elit, sed diam nonummy nibh euismod tincidunt ut laoreet dolore magna aliquam erat volutpat. Ut wisi enim ad minim veniam, quis nostrud exerci tation ullamcorper suscipit lobortis nisl ut aliquip ex.',2),(112,'3',5,7,'Otorinolaringoiatria - Audiologia','Lorem ipsum dolor sit amet, consectetuer adipiscing elit, sed diam nonummy nibh euismod tincidunt ut laoreet dolore magna aliquam erat volutpat. Ut wisi enim ad minim veniam, quis nostrud exerci tation ullamcorper suscipit lobortis nisl ut aliquip ex.',2),(113,'0',10,16,'PET - TAC','',2),(114,'8',6,8,'Poliambulatorio','Lorem ipsum dolor sit amet, consectetuer adipiscing elit, sed diam nonummy nibh euismod tincidunt ut laoreet dolore magna aliquam erat volutpat. Ut wisi enim ad minim veniam, quis nostrud exerci tation ullamcorper suscipit lobortis nisl ut aliquip ex.',2),(115,'7',6,8,'Poliambulatorio','',2),(116,'4',6,8,'Poliambulatorio','Lorem ipsum dolor sit amet, consectetuer adipiscing elit, sed diam nonummy nibh euismod tincidunt ut laoreet dolore magna aliquam erat volutpat. Ut wisi enim ad minim veniam, quis nostrud exerci tation ullamcorper suscipit lobortis nisl ut aliquip ex.',2),(117,'0',9,14,'Pronto Soccorso','Lorem ipsum dolor sit amet, consectetuer adipiscing elit, sed diam nonummy nibh euismod tincidunt ut laoreet dolore magna aliquam erat volutpat. Ut wisi enim ad minim veniam, quis nostrud exerci tation ullamcorper suscipit lobortis nisl ut aliquip ex.',2),(118,'2',7,9,'Radiodiagnostica','Lorem ipsum dolor sit amet, consectetuer adipiscing elit, sed diam nonummy nibh euismod tincidunt ut laoreet dolore magna aliquam erat volutpat. Ut wisi enim ad minim veniam, quis nostrud exerci tation ullamcorper suscipit lobortis nisl ut aliquip ex.',2),(119,'2',7,9,'Radioterapia','Lorem ipsum dolor sit amet, consectetuer adipiscing elit, sed diam nonummy nibh euismod tincidunt ut laoreet dolore magna aliquam erat volutpat. Ut wisi enim ad minim veniam, quis nostrud exerci tation ullamcorper suscipit lobortis nisl ut aliquip ex.',2),(120,'2',6,8,'Sala Unica Prelievi','',2),(121,'3',6,8,'Spedalit? - Accettazione ambulatoriale','Lorem ipsum dolor sit amet, consectetuer adipiscing elit, sed diam nonummy nibh euismod tincidunt ut laoreet dolore magna aliquam erat volutpat. Ut wisi enim ad minim veniam, quis nostrud exerci tation ullamcorper suscipit lobortis nisl ut aliquip ex.',2),(122,'3',7,9,'U.R.P. Accoglienza','',2),(123,'8',8,10,'Cardiochirurgia','',3),(124,'8',4,5,'Cardiochirurgia 2','Lorem ipsum dolor sit amet, consectetuer adipiscing elit, sed diam nonummy nibh euismod tincidunt ut laoreet dolore magna aliquam erat volutpat. Ut wisi enim ad minim veniam, quis nostrud exerci tation ullamcorper suscipit lobortis nisl ut aliquip ex.',3),(125,'8',8,12,'Cardiologia 1','Lorem ipsum dolor sit amet, consectetuer adipiscing elit, sed diam nonummy nibh euismod tincidunt ut laoreet dolore magna aliquam erat volutpat. Ut wisi enim ad minim veniam, quis nostrud exerci tation ullamcorper suscipit lobortis nisl ut aliquip ex.',3),(126,'8',4,5,'Cardiologia 2','',3),(127,'5',8,12,'Centro immaturi','Lorem ipsum dolor sit amet, consectetuer adipiscing elit, sed diam nonummy nibh euismod tincidunt ut laoreet dolore magna aliquam erat volutpat. Ut wisi enim ad minim veniam, quis nostrud exerci tation ullamcorper suscipit lobortis nisl ut aliquip ex.',3),(128,'10',8,12,'Chirurgia digestiva','',3),(129,'10',5,6,'Chirurgia endocrina','Lorem ipsum dolor sit amet, consectetuer adipiscing elit, sed diam nonummy nibh euismod tincidunt ut laoreet dolore magna aliquam erat volutpat. Ut wisi enim ad minim veniam, quis nostrud exerci tation ullamcorper suscipit lobortis nisl ut aliquip ex.',3),(130,'6',8,10,'Chirurgia generale 1','Lorem ipsum dolor sit amet, consectetuer adipiscing elit, sed diam nonummy nibh euismod tincidunt ut laoreet dolore magna aliquam erat volutpat. Ut wisi enim ad minim veniam, quis nostrud exerci tation ullamcorper suscipit lobortis nisl ut aliquip ex.',3);
/*!40000 ALTER TABLE `unita` ENABLE KEYS */;
UNLOCK TABLES;

--
-- Table structure for table `unita2`
--

DROP TABLE IF EXISTS `unita2`;
CREATE TABLE `unita2` (
  `id` int(11) NOT NULL auto_increment,
  `piano` char(2) NOT NULL default '',
  `idPercorso` tinyint(2) NOT NULL default '0',
  `idFabbricato` tinyint(2) NOT NULL default '0',
  `unita` varchar(60) NOT NULL default '',
  `descrizione` varchar(255) NOT NULL default '',
  `reparto` int(11) NOT NULL default '0',
  UNIQUE KEY `id_2` (`id`),
  KEY `id` (`id`)
) ENGINE=MyISAM AUTO_INCREMENT=131 DEFAULT CHARSET=latin1;

--
-- Dumping data for table `unita2`
--

LOCK TABLES `unita2` WRITE;
/*!40000 ALTER TABLE `unita2` DISABLE KEYS */;
INSERT INTO `unita2` VALUES (1,'9',6,2,'Allergologia','',1),(2,'8',2,7,'Cardiologia','Lorem ipsum dolor sit amet, consectetuer adipiscing elit, sed diam nonummy nibh euismod tincidunt ut laoreet dolore magna aliquam erat volutpat. Ut wisi enim ad minim veniam, quis nostrud exerci tation ullamcorper suscipit lobortis nisl ut aliquip ex. Lor',1),(3,'0',10,15,'Centro Med. dell\'invecch. - Geriatria','',1),(4,'10',8,12,'Chirurgia digestiva','Lorem ipsum dolor sit amet, consectetuer adipiscing elit, sed diam nonummy nibh euismod tincidunt ut laoreet dolore magna aliquam erat volutpat. Ut wisi enim ad minim veniam, quis nostrud exerci tation ullamcorper suscipit lobortis nisl ut aliquip ex. Lor',1),(5,'9',8,10,'Chirurgia endocrina','',1),(6,'6',8,10,'Chirurgia generale','Lorem ipsum dolor sit amet, consectetuer adipiscing elit, sed diam nonummy nibh euismod tincidunt ut laoreet dolore magna aliquam erat volutpat. Ut wisi enim ad minim veniam, quis nostrud exerci tation ullamcorper suscipit lobortis nisl ut aliquip ex. Lor',1),(7,'2',2,2,'Chirurgia senologica','',1),(8,'8',4,5,'Chirurgia vascolare','Lorem ipsum dolor sit amet, consectetuer adipiscing elit, sed diam nonummy nibh euismod tincidunt ut laoreet dolore magna aliquam erat volutpat. Ut wisi enim ad minim veniam, quis nostrud exerci tation ullamcorper suscipit lobortis nisl ut aliquip ex. Lor',1),(9,'1',10,16,'Clinica delle Malattie Infettive','',1),(10,'9',2,2,'Dermatologia e Chirurgia Plastica','Lorem ipsum dolor sit amet, consectetuer adipiscing elit, sed diam nonummy nibh euismod tincidunt ut laoreet dolore magna aliquam erat volutpat. Ut wisi enim ad minim veniam, quis nostrud exerci tation ullamcorper suscipit lobortis nisl ut aliquip ex. Lor',1),(11,'8',6,8,'Diabetologia','',1),(12,'10',8,10,'Ematologia','Lorem ipsum dolor sit amet, consectetuer adipiscing elit, sed diam nonummy nibh euismod tincidunt ut laoreet dolore magna aliquam erat volutpat. Ut wisi enim ad minim veniam, quis nostrud exerci tation ullamcorper suscipit lobortis nisl ut aliquip ex. Lor',1),(13,'3',4,4,'Endocrinologia','',1),(14,'10',4,5,'Malattie del ricambio','Lorem ipsum dolor sit amet, consectetuer adipiscing elit, sed diam nonummy nibh euismod tincidunt ut laoreet dolore magna aliquam erat volutpat. Ut wisi enim ad minim veniam, quis nostrud exerci tation ullamcorper suscipit lobortis nisl ut aliquip ex. Lor',1),(15,'4',4,5,'Medicina interna e Gastroenterologia','',1),(16,'10',8,10,'Neurochirurgia','Lorem ipsum dolor sit amet, consectetuer adipiscing elit, sed diam nonummy nibh euismod tincidunt ut laoreet dolore magna aliquam erat volutpat. Ut wisi enim ad minim veniam, quis nostrud exerci tation ullamcorper suscipit lobortis nisl ut aliquip ex. Lor',1),(17,'7',3,3,'Neurologia','',1),(18,'3',4,5,'Neuropsichiatria infantile','Lorem ipsum dolor sit amet, consectetuer adipiscing elit, sed diam nonummy nibh euismod tincidunt ut laoreet dolore magna aliquam erat volutpat. Ut wisi enim ad minim veniam, quis nostrud exerci tation ullamcorper suscipit lobortis nisl ut aliquip ex. Lor',1),(19,'2',2,7,'Neuropsicologia','',1),(70,'2',8,10,'Oculistica','Lorem ipsum dolor sit amet, consectetuer adipiscing elit, sed diam nonummy nibh euismod tincidunt ut laoreet dolore magna aliquam erat volutpat. Ut wisi enim ad minim veniam, quis nostrud exerci tation ullamcorper suscipit lobortis nisl ut aliquip ex. Lor',1),(21,'5',6,8,'Odontoiatria','',1),(22,'8',6,8,'Oncologia Medica','Lorem ipsum dolor sit amet, consectetuer adipiscing elit, sed diam nonummy nibh euismod tincidunt ut laoreet dolore magna aliquam erat volutpat. Ut wisi enim ad minim veniam, quis nostrud exerci tation ullamcorper suscipit lobortis nisl ut aliquip ex. Lor',1),(23,'10',6,8,'Oncologia Pediatrica','',1),(24,'3',1,1,'Ostetricia e Ginecologia','Lorem ipsum dolor sit amet, consectetuer adipiscing elit, sed diam nonummy nibh euismod tincidunt ut laoreet dolore magna aliquam erat volutpat. Ut wisi enim ad minim veniam, quis nostrud exerci tation ullamcorper suscipit lobortis nisl ut aliquip ex. Lor',1),(25,'2',2,7,'Otorinolaringoiatria','',1),(26,'5',4,5,'Pediatria','Lorem ipsum dolor sit amet, consectetuer adipiscing elit, sed diam nonummy nibh euismod tincidunt ut laoreet dolore magna aliquam erat volutpat. Ut wisi enim ad minim veniam, quis nostrud exerci tation ullamcorper suscipit lobortis nisl ut aliquip ex. Lor',1),(27,'-1',4,5,'Psichiatria clinica e tossicodipendenze','',1),(28,'2',7,9,'Radiochemioterapia','Lorem ipsum dolor sit amet, consectetuer adipiscing elit, sed diam nonummy nibh euismod tincidunt ut laoreet dolore magna aliquam erat volutpat. Ut wisi enim ad minim veniam, quis nostrud exerci tation ullamcorper suscipit lobortis nisl ut aliquip ex. Lor',1),(29,'9',8,12,'Urologia','',1),(74,'3',7,9,'Accettazione ricoveri e Day Hospital','Lorem ipsum dolor sit amet, consectetuer adipiscing elit, sed diam nonummy nibh euismod tincidunt ut laoreet dolore magna aliquam erat volutpat. Ut wisi enim ad minim veniam, quis nostrud exerci tation ullamcorper suscipit lobortis nisl ut aliquip ex.',2),(75,'9',6,2,'Allergologia','Lorem ipsum dolor sit amet, consectetuer adipiscing elit, sed diam nonummy nibh euismod tincidunt ut laoreet dolore magna aliquam erat volutpat. Ut wisi enim ad minim veniam, quis nostrud exerci tation ullamcorper suscipit lobortis nisl ut aliquip ex.',2),(76,'8',3,3,'Ambulatorio P.U.V.A.','Lorem ipsum dolor sit amet, consectetuer adipiscing elit, sed diam nonummy nibh euismod tincidunt ut laoreet dolore magna aliquam erat volutpat. Ut wisi enim ad minim veniam, quis nostrud exerci tation ullamcorper suscipit lobortis nisl ut aliquip ex.',2),(77,'3',9,14,'Analisi Ormonali','Lorem ipsum dolor sit amet, consectetuer adipiscing elit, sed diam nonummy nibh euismod tincidunt ut laoreet dolore magna aliquam erat volutpat. Ut wisi enim ad minim veniam, quis nostrud exerci tation ullamcorper suscipit lobortis nisl ut aliquip ex.',2),(78,'4',9,14,'Analisi immunologiche','Lorem ipsum dolor sit amet, consectetuer adipiscing elit, sed diam nonummy nibh euismod tincidunt ut laoreet dolore magna aliquam erat volutpat. Ut wisi enim ad minim veniam, quis nostrud exerci tation ullamcorper suscipit lobortis nisl ut aliquip ex.',2),(79,'3',7,3,'Angiologia medica','Lorem ipsum dolor sit amet, consectetuer adipiscing elit, sed diam nonummy nibh euismod tincidunt ut laoreet dolore magna aliquam erat volutpat. Ut wisi enim ad minim veniam, quis nostrud exerci tation ullamcorper suscipit lobortis nisl ut aliquip ex.',2),(80,'8',5,7,'Cardiologia Diagnostica Invasiva','Lorem ipsum dolor sit amet, consectetuer adipiscing elit, sed diam nonummy nibh euismod tincidunt ut laoreet dolore magna aliquam erat volutpat. Ut wisi enim ad minim veniam, quis nostrud exerci tation ullamcorper suscipit lobortis nisl ut aliquip ex.',2),(81,'8',2,2,'Cardiologia Diagnostica non Invasiva','',2),(82,'0',9,14,'Centro Antiveleni','Lorem ipsum dolor sit amet, consectetuer adipiscing elit, sed diam nonummy nibh euismod tincidunt ut laoreet dolore magna aliquam erat volutpat. Ut wisi enim ad minim veniam, quis nostrud exerci tation ullamcorper suscipit lobortis nisl ut aliquip ex.',2),(83,'9',2,4,'Centro di Biomagnetismo - Fisiol. Clinica','Lorem ipsum dolor sit amet, consectetuer adipiscing elit, sed diam nonummy nibh euismod tincidunt ut laoreet dolore magna aliquam erat volutpat. Ut wisi enim ad minim veniam, quis nostrud exerci tation ullamcorper suscipit lobortis nisl ut aliquip ex.',2),(84,'3',7,9,'Centro di Coordinamento Diagnostico','',2),(85,'6',5,7,'Centro Ipertensione','Lorem ipsum dolor sit amet, consectetuer adipiscing elit, sed diam nonummy nibh euismod tincidunt ut laoreet dolore magna aliquam erat volutpat. Ut wisi enim ad minim veniam, quis nostrud exerci tation ullamcorper suscipit lobortis nisl ut aliquip ex.',2),(86,'7',1,1,'Centro Studi e Amb. Med. dello Sport','Lorem ipsum dolor sit amet, consectetuer adipiscing elit, sed diam nonummy nibh euismod tincidunt ut laoreet dolore magna aliquam erat volutpat. Ut wisi enim ad minim veniam, quis nostrud exerci tation ullamcorper suscipit lobortis nisl ut aliquip ex.',2),(87,'-1',9,14,'Centro Trasfusionale (Lab. - Emoteca)','',2),(88,'-1',9,14,'Centro donatori','Lorem ipsum dolor sit amet, consectetuer adipiscing elit, sed diam nonummy nibh euismod tincidunt ut laoreet dolore magna aliquam erat volutpat. Ut wisi enim ad minim veniam, quis nostrud exerci tation ullamcorper suscipit lobortis nisl ut aliquip ex.',2),(89,'3',9,14,'Chimica clinica','Lorem ipsum dolor sit amet, consectetuer adipiscing elit, sed diam nonummy nibh euismod tincidunt ut laoreet dolore magna aliquam erat volutpat. Ut wisi enim ad minim veniam, quis nostrud exerci tation ullamcorper suscipit lobortis nisl ut aliquip ex.',2),(90,'0',10,16,'Clinica delle Malattie Infettive','',2),(91,'4',3,3,'Consultazione psichiatrica','Lorem ipsum dolor sit amet, consectetuer adipiscing elit, sed diam nonummy nibh euismod tincidunt ut laoreet dolore magna aliquam erat volutpat. Ut wisi enim ad minim veniam, quis nostrud exerci tation ullamcorper suscipit lobortis nisl ut aliquip ex.',2),(92,'1',4,4,'Dietetica','Lorem ipsum dolor sit amet, consectetuer adipiscing elit, sed diam nonummy nibh euismod tincidunt ut laoreet dolore magna aliquam erat volutpat. Ut wisi enim ad minim veniam, quis nostrud exerci tation ullamcorper suscipit lobortis nisl ut aliquip ex.',2),(93,'3',9,14,'Ematologia','',2),(94,'10',8,11,'Ematologia (Amb. \"A. Ferrara\")','Lorem ipsum dolor sit amet, consectetuer adipiscing elit, sed diam nonummy nibh euismod tincidunt ut laoreet dolore magna aliquam erat volutpat. Ut wisi enim ad minim veniam, quis nostrud exerci tation ullamcorper suscipit lobortis nisl ut aliquip ex.',2),(95,'9',1,1,'Emodialisi pazienti ricoverati','',2),(96,'3',1,1,'Endoscopia Digestiva Chirurgica','Lorem ipsum dolor sit amet, consectetuer adipiscing elit, sed diam nonummy nibh euismod tincidunt ut laoreet dolore magna aliquam erat volutpat. Ut wisi enim ad minim veniam, quis nostrud exerci tation ullamcorper suscipit lobortis nisl ut aliquip ex.',2),(97,'3',9,14,'Farmacologia','Lorem ipsum dolor sit amet, consectetuer adipiscing elit, sed diam nonummy nibh euismod tincidunt ut laoreet dolore magna aliquam erat volutpat. Ut wisi enim ad minim veniam, quis nostrud exerci tation ullamcorper suscipit lobortis nisl ut aliquip ex.',2),(98,'2',6,14,'Fisiopatologia respiratoria','',2),(99,'9',2,2,'Foniatria e Logopedia','Lorem ipsum dolor sit amet, consectetuer adipiscing elit, sed diam nonummy nibh euismod tincidunt ut laoreet dolore magna aliquam erat volutpat. Ut wisi enim ad minim veniam, quis nostrud exerci tation ullamcorper suscipit lobortis nisl ut aliquip ex.',2),(100,'7',2,8,'Gastroenterologia','Lorem ipsum dolor sit amet, consectetuer adipiscing elit, sed diam nonummy nibh euismod tincidunt ut laoreet dolore magna aliquam erat volutpat. Ut wisi enim ad minim veniam, quis nostrud exerci tation ullamcorper suscipit lobortis nisl ut aliquip ex.',2),(101,'4',9,14,'Genetica Medica','Lorem ipsum dolor sit amet, consectetuer adipiscing elit, sed diam nonummy nibh euismod tincidunt ut laoreet dolore magna aliquam erat volutpat. Ut wisi enim ad minim veniam, quis nostrud exerci tation ullamcorper suscipit lobortis nisl ut aliquip ex.',2),(102,'7',1,1,'I.S.I. - Ginecologia Disfunzionale','',2),(103,'3',9,14,'Istopatologia','Lorem ipsum dolor sit amet, consectetuer adipiscing elit, sed diam nonummy nibh euismod tincidunt ut laoreet dolore magna aliquam erat volutpat. Ut wisi enim ad minim veniam, quis nostrud exerci tation ullamcorper suscipit lobortis nisl ut aliquip ex.',2),(104,'3',9,14,'Malattie Emorragiche e Trombotiche','',2),(105,'7',2,7,'Med. del Lavoro e Tossicol. Ind.','Lorem ipsum dolor sit amet, consectetuer adipiscing elit, sed diam nonummy nibh euismod tincidunt ut laoreet dolore magna aliquam erat volutpat. Ut wisi enim ad minim veniam, quis nostrud exerci tation ullamcorper suscipit lobortis nisl ut aliquip ex.',2),(106,'-1',10,15,'Medicina Fisica e Riabilitazione','Lorem ipsum dolor sit amet, consectetuer adipiscing elit, sed diam nonummy nibh euismod tincidunt ut laoreet dolore magna aliquam erat volutpat. Ut wisi enim ad minim veniam, quis nostrud exerci tation ullamcorper suscipit lobortis nisl ut aliquip ex.',2),(107,'2',7,3,'Medicina Nucleare','Lorem ipsum dolor sit amet, consectetuer adipiscing elit, sed diam nonummy nibh euismod tincidunt ut laoreet dolore magna aliquam erat volutpat. Ut wisi enim ad minim veniam, quis nostrud exerci tation ullamcorper suscipit lobortis nisl ut aliquip ex.',2),(108,'4',9,14,'Microbiologia e virologia','',2),(109,'2',2,7,'Neuropsicologia','',2),(110,'1',8,12,'Oculustica','Lorem ipsum dolor sit amet, consectetuer adipiscing elit, sed diam nonummy nibh euismod tincidunt ut laoreet dolore magna aliquam erat volutpat. Ut wisi enim ad minim veniam, quis nostrud exerci tation ullamcorper suscipit lobortis nisl ut aliquip ex.',2),(111,'7',5,6,'Ortopedia','Lorem ipsum dolor sit amet, consectetuer adipiscing elit, sed diam nonummy nibh euismod tincidunt ut laoreet dolore magna aliquam erat volutpat. Ut wisi enim ad minim veniam, quis nostrud exerci tation ullamcorper suscipit lobortis nisl ut aliquip ex.',2),(112,'3',5,7,'Otorinolaringoiatria - Audiologia','Lorem ipsum dolor sit amet, consectetuer adipiscing elit, sed diam nonummy nibh euismod tincidunt ut laoreet dolore magna aliquam erat volutpat. Ut wisi enim ad minim veniam, quis nostrud exerci tation ullamcorper suscipit lobortis nisl ut aliquip ex.',2),(113,'0',10,16,'PET - TAC','',2),(114,'8',6,8,'Poliambulatorio','Lorem ipsum dolor sit amet, consectetuer adipiscing elit, sed diam nonummy nibh euismod tincidunt ut laoreet dolore magna aliquam erat volutpat. Ut wisi enim ad minim veniam, quis nostrud exerci tation ullamcorper suscipit lobortis nisl ut aliquip ex.',2),(115,'7',6,8,'Poliambulatorio','',2),(116,'4',6,8,'Poliambulatorio','Lorem ipsum dolor sit amet, consectetuer adipiscing elit, sed diam nonummy nibh euismod tincidunt ut laoreet dolore magna aliquam erat volutpat. Ut wisi enim ad minim veniam, quis nostrud exerci tation ullamcorper suscipit lobortis nisl ut aliquip ex.',2),(117,'0',9,14,'Pronto Soccorso','Lorem ipsum dolor sit amet, consectetuer adipiscing elit, sed diam nonummy nibh euismod tincidunt ut laoreet dolore magna aliquam erat volutpat. Ut wisi enim ad minim veniam, quis nostrud exerci tation ullamcorper suscipit lobortis nisl ut aliquip ex.',2),(118,'2',7,9,'Radiodiagnostica','Lorem ipsum dolor sit amet, consectetuer adipiscing elit, sed diam nonummy nibh euismod tincidunt ut laoreet dolore magna aliquam erat volutpat. Ut wisi enim ad minim veniam, quis nostrud exerci tation ullamcorper suscipit lobortis nisl ut aliquip ex.',2),(119,'2',7,9,'Radioterapia','Lorem ipsum dolor sit amet, consectetuer adipiscing elit, sed diam nonummy nibh euismod tincidunt ut laoreet dolore magna aliquam erat volutpat. Ut wisi enim ad minim veniam, quis nostrud exerci tation ullamcorper suscipit lobortis nisl ut aliquip ex.',2),(120,'2',6,8,'Sala Unica Prelievi','',2),(121,'3',6,8,'Spedalit? - Accettazione ambulatoriale','Lorem ipsum dolor sit amet, consectetuer adipiscing elit, sed diam nonummy nibh euismod tincidunt ut laoreet dolore magna aliquam erat volutpat. Ut wisi enim ad minim veniam, quis nostrud exerci tation ullamcorper suscipit lobortis nisl ut aliquip ex.',2),(122,'3',7,9,'U.R.P. Accoglienza','',2),(123,'8',8,10,'Cardiochirurgia','',3),(124,'8',4,5,'Cardiochirurgia 2','Lorem ipsum dolor sit amet, consectetuer adipiscing elit, sed diam nonummy nibh euismod tincidunt ut laoreet dolore magna aliquam erat volutpat. Ut wisi enim ad minim veniam, quis nostrud exerci tation ullamcorper suscipit lobortis nisl ut aliquip ex.',3),(125,'8',8,12,'Cardiologia 1','Lorem ipsum dolor sit amet, consectetuer adipiscing elit, sed diam nonummy nibh euismod tincidunt ut laoreet dolore magna aliquam erat volutpat. Ut wisi enim ad minim veniam, quis nostrud exerci tation ullamcorper suscipit lobortis nisl ut aliquip ex.',3),(126,'8',4,5,'Cardiologia 2','',3),(127,'5',8,12,'Centro immaturi','Lorem ipsum dolor sit amet, consectetuer adipiscing elit, sed diam nonummy nibh euismod tincidunt ut laoreet dolore magna aliquam erat volutpat. Ut wisi enim ad minim veniam, quis nostrud exerci tation ullamcorper suscipit lobortis nisl ut aliquip ex.',3),(128,'10',8,12,'Chirurgia digestiva','',3),(129,'10',5,6,'Chirurgia endocrina','Lorem ipsum dolor sit amet, consectetuer adipiscing elit, sed diam nonummy nibh euismod tincidunt ut laoreet dolore magna aliquam erat volutpat. Ut wisi enim ad minim veniam, quis nostrud exerci tation ullamcorper suscipit lobortis nisl ut aliquip ex.',3),(130,'6',8,10,'Chirurgia generale 1','Lorem ipsum dolor sit amet, consectetuer adipiscing elit, sed diam nonummy nibh euismod tincidunt ut laoreet dolore magna aliquam erat volutpat. Ut wisi enim ad minim veniam, quis nostrud exerci tation ullamcorper suscipit lobortis nisl ut aliquip ex.',3);
/*!40000 ALTER TABLE `unita2` ENABLE KEYS */;
UNLOCK TABLES;

/*!40101 SET SQL_MODE=@OLD_SQL_MODE */;
/*!40014 SET FOREIGN_KEY_CHECKS=@OLD_FOREIGN_KEY_CHECKS */;
/*!40014 SET UNIQUE_CHECKS=@OLD_UNIQUE_CHECKS */;
/*!40101 SET CHARACTER_SET_CLIENT=@OLD_CHARACTER_SET_CLIENT */;
/*!40101 SET CHARACTER_SET_RESULTS=@OLD_CHARACTER_SET_RESULTS */;
/*!40101 SET COLLATION_CONNECTION=@OLD_COLLATION_CONNECTION */;
/*!40111 SET SQL_NOTES=@OLD_SQL_NOTES */;

